{
    "accuracy": 0.7301641025641026,
    "precision": 0.7373367734342461,
    "recall": 0.7301641025641026,
    "f1": 0.7326849758222749,
    "conf_matrix": [
        [
            49627,
            14120,
            1253
        ],
        [
            13343,
            43348,
            8309
        ],
        [
            1904,
            13689,
            49407
        ]
    ],
    "class_report": {
        "0": {
            "precision": 0.7649751826617751,
            "recall": 0.7634923076923077,
            "f1-score": 0.7642330258558295,
            "support": 65000.0
        },
        "1": {
            "precision": 0.609188133282741,
            "recall": 0.6668923076923077,
            "f1-score": 0.6367355332447101,
            "support": 65000.0
        },
        "2": {
            "precision": 0.8378470043582221,
            "recall": 0.7601076923076923,
            "f1-score": 0.7970863683662851,
            "support": 65000.0
        },
        "accuracy": 0.7301641025641026,
        "macro avg": {
            "precision": 0.7373367734342461,
            "recall": 0.7301641025641025,
            "f1-score": 0.7326849758222749,
            "support": 195000.0
        },
        "weighted avg": {
            "precision": 0.7373367734342461,
            "recall": 0.7301641025641026,
            "f1-score": 0.7326849758222749,
            "support": 195000.0
        }
    }
}