{
    "accuracy": 0.7909538461538461,
    "precision": 0.7889484303620945,
    "recall": 0.7909538461538461,
    "f1": 0.7889881155312396,
    "conf_matrix": [
        [
            55739,
            8351,
            910
        ],
        [
            13989,
            42703,
            8308
        ],
        [
            955,
            8251,
            55794
        ]
    ],
    "class_report": {
        "0": {
            "precision": 0.7885771684846427,
            "recall": 0.8575230769230769,
            "f1-score": 0.8216062439657142,
            "support": 65000.0
        },
        "1": {
            "precision": 0.7200573307478291,
            "recall": 0.6569692307692307,
            "f1-score": 0.6870680986283738,
            "support": 65000.0
        },
        "2": {
            "precision": 0.8582107918538115,
            "recall": 0.8583692307692308,
            "f1-score": 0.8582900039996308,
            "support": 65000.0
        },
        "accuracy": 0.7909538461538461,
        "macro avg": {
            "precision": 0.7889484303620944,
            "recall": 0.7909538461538462,
            "f1-score": 0.7889881155312396,
            "support": 195000.0
        },
        "weighted avg": {
            "precision": 0.7889484303620945,
            "recall": 0.7909538461538461,
            "f1-score": 0.7889881155312396,
            "support": 195000.0
        }
    }
}